Set A,Set B
100.51242048796883,1524.9537018059175
76.0749824406822,854.3008363300488
133.4892733423722,872.7437406795354
166.80527161820487,1158.8484182510235
88.45768866197456,954.3946339837222
67.30979720584334,958.9820703570895
86.23625408206827,1211.8905075727557
102.1408253030854,1251.7677011869544
94.35327207703557,1019.6874282656083
86.1890794835219,1260.9029269108562
83.30338800474121,1168.4763905657574
117.25361861050266,936.071049866968
76.04642722846047,1111.9411332611887
61.16256495078078,895.2914571875435
103.76652109508917,1072.2335032505266
68.34599035059432,825.100246028112
95.49179524520864,1062.4610186933978
121.43044116201423,679.9920025949256
91.53470414818149,1268.3727261161089
127.63483334385754,950.8278715809752
124.07138383402494,967.0576284194873
101.80210869579919,843.5104550865337
59.63354676057653,1210.0070953334166
72.71776257675737,824.5975285094964
112.11362755233567,1182.4782069170012
81.31745523640146,906.5908344173425
112.81122480369535,1102.265194635377
99.94694201720492,1329.0323159447432
97.83374652698306,1516.8202770512794
84.0783027435272,994.3740471983579
56.852655463027965,956.8887511823447
98.51314085842102,1194.6026414027588
72.42423383440735,1434.1408188418466
147.22064463834354,790.0252363157301
121.29980868342103,973.1594837190991
125.94142093885137,1050.747110163614
69.97713762431403,1102.175255530291
126.2081050256815,1054.9606108787914
123.36909577062072,1280.8857227177778
112.81130855068078,589.64017337908
85.45846842235409,1081.5601485586214
167.21293730138643,359.60223342121026
90.70712699408895,1159.8190530281627
111.91110838189233,682.5655084357368
123.95784045883367,1445.4805489297275
80.6438503588626,895.3527970755428
108.78696908853229,1376.7700502816078
101.10025999229576,1060.1299723799918
80.99518362273055,740.8912708148935
126.45591452877173,402.4743047639689
82.47564179815186,1023.4835930028028
46.94321296680079,1049.3444602780362
125.71548130990216,1355.986265378384
54.706118405995944,997.1642858238982
78.26479009228457,1252.377077532919
67.96250840725106,847.4061092384137
68.81608266166991,1081.0433518026657
134.62201543677077,989.978375750643
114.13177374078421,1136.784730689203
91.08524792831798,437.2129921806443
89.69904581975038,1114.3932173398464
77.8163737252166,1446.750329715518
95.48797145720278,1246.7824109353376
102.11397352298512,943.0657559946221
141.63986334181337,618.8357917439293
98.39026627961421,1104.579511805344
101.01054991993044,894.6302788919031
58.27267135940443,974.5664899351938
130.6674418125524,804.0628491610919
125.1052041408037,813.9028005254086
75.4246851970763,967.4627384584626
105.38951984485553,1350.2462977778505
117.87387033757068,637.3719758220074
102.63893067665413,944.875035441762
62.971619677778186,1063.0522932913866
105.93122215818164,914.2487212080729
103.57863872738174,1182.562731064718
103.42479348160367,853.6972532464774
133.18946689119176,1345.8800652141713
109.16943763019417,968.2150886854857
63.73211033895612,863.4164819234957
80.54209385341366,677.1091294137377
118.15525247078645,1178.4232611949012
89.26333243497743,1120.9557300302504
85.94055007683822,892.4406848289723
82.71347546423084,1039.9548217886927
93.45821422117022,1258.5759684054638
106.8622380716535,1233.0819014150225
60.84650777052631,924.3347861862517
107.43365077157493,1231.3183912128502
99.28426902876973,1373.8208599766185
114.288369498927,888.5730647123963
33.92458618391103,1155.1583394326935
97.96823046084575,1213.6022962894667
96.98168655139902,1516.7700655137626
74.54291533982703,872.9081747183338
111.90092165309719,885.1027431026475
133.82273461196587,1513.0666610165567
101.64225154275002,636.5166054902425
105.25417666184244,1251.7299356426547
84.11077768143203,1524.0533132038404
83.19628765776002,754.0542096541074
118.1334538356419,977.2127243416634
76.2315370915784,808.2748991009197
87.85595843587726,1006.2236582901087
82.6495984480839,821.6740846215394
113.86854865244891,1378.8973703689026
79.9186987060733,546.3158551974981
141.34711669289413,1280.7084672945161
86.05350733421456,681.0457707424443
91.9676656023472,837.2102819564691
96.77904421537978,926.5103664116652
77.7843238406487,725.3651414078647
67.4948927113777,749.8891927981108
89.43242825039063,668.5799850214528
67.8390860637413,1003.2679315638907
90.78261317208532,1052.1166758815937
131.61191577386322,1072.7999628493742
101.34711201741487,732.6069037522138
142.18725724050464,698.4090531193476
99.54790395053558,1036.3114836944628
97.65521561170767,1082.3977625705636
92.01015244365686,883.8683608927762
118.1306507841509,791.2821355366261
134.13294355196112,1002.969327671782
93.59323841325677,1207.4324313050452
80.85738072520147,1137.933392896697
74.06997607250669,1010.8624992417101
66.45991467095007,1126.4311922272298
69.51032668096929,995.8720126257383
89.1662371875796,622.6774983914273
106.48090664074601,1194.8317918225616
106.97519712919595,1037.1913898010775
149.61077497639482,1235.685637092851
84.67210382156877,1028.9940227648824
142.5408154402201,1110.3291568500983
86.7667094536266,1060.7254707485004
130.29691044637107,1209.2591569094725
71.2044563008366,1275.0400452354802
66.96600007170075,996.1922829221368
59.8365317539279,1094.2188965096357
86.62924276453217,1107.884289113728
76.68415883362428,863.878286544146
139.79104420753427,994.7867038933115
98.67779167612207,932.8571702315667
98.0952231326944,1164.2817598580439
106.32484857171377,1138.3073249373028
124.50844573561864,1028.7239702454742
85.17898564386167,806.9219944195124
122.70123097840997,862.6010665160607
108.59453417542439,1022.8297523290966
81.38326707163233,990.7623457615089
62.379718228664984,843.4962588314173
88.49767576973403,916.498586733351
64.45661808869802,729.4713286572946
104.47607613664687,1273.4087081795924
114.91857552954703,885.7201070504655
86.00498675461591,1022.9919305567075
143.80364574201127,824.6085936683087
80.50523802625933,1442.0215865324399
114.33463982534482,821.7046417250706
71.37695341519391,951.7048972498518
39.38964339780496,1039.188936654845
126.89921052800548,1096.4792045360746
100.92718119706329,988.3709527189693
88.0338780099283,873.8678421292324
115.56543561869869,1033.2567866617203
154.45935766690658,1007.3126809632439
106.72543062106374,1154.8271423944402
86.9220669798922,938.8852848613305
111.77785754182416,1097.116793926524
93.70649114796963,1052.2578572104376
90.04459617305619,1024.3024640883025
136.9100197151751,1003.3990087551875
113.17876955062513,1240.1342824415783
60.64910866403552,1105.1751897244721
139.30556654123995,860.1717487231098
60.710731957819505,1058.1100663115787
106.9789359391073,911.4101060900776
68.54573948910576,953.6266177657049
105.86172958848044,947.2867251924736
83.64194857576943,523.4155764863924
132.05908039955523,944.9700086788991
53.15565089440648,1361.0080829577455
83.78336615086803,755.1780560782595
98.81175741555825,1015.27160652888
99.179678331215,904.8613730836876
106.13362369468595,807.4507597043172
98.40145790257075,1154.6077393681212
68.34352370167964,968.4688462813948
130.68171771338444,933.3516872712052
126.5235166578441,775.1070997137056
101.42336245542005,762.0136686342962
113.99284949075746,1347.592735062144
143.82409182362983,1431.1828799875238
67.30870867674523,987.1296806563685
88.23011145575317,839.3075702932938
129.13777306425453,1216.810543033291
79.04839741473518,610.7966777490424
128.33344186393538,1106.536246414122
37.77818699972818,900.6843949717164
90.82862042834576,404.57232180782955
79.57547938715716,889.2127550430429
82.3380529244661,1035.522012778933
117.81722820135657,1564.3917528439847
100.65141648896817,682.4408228341433
114.3535338873057,1290.3531957015223
84.74984508834622,627.6306798176905
94.91390075871233,1016.8961645478049
103.17608865332514,1039.1265000773712
82.4650609936221,1157.0568624008004
96.83645332493585,854.1355678321613
93.36434810538675,1047.4522075525658
124.3964881138285,1392.4731556326803
125.14216670621731,1537.7664815777448
123.2497012796265,1542.2223109779436
100.68856866318475,905.1267471755431
89.22759746624516,1255.0396637400695
111.88248703978648,983.8510955578887
69.77432704383763,1582.7321205438243
114.60442260587376,1097.3942966269317
131.39794032116384,473.0372968457332
106.71406520893451,1296.9097051929639
114.96907080779597,1195.0483521561885
109.06259857020193,1013.2047598694081
117.70275891200293,1025.6254582491877
83.05583619925402,1169.9892833977
108.91951124384924,812.290875738138
83.50780519370008,691.8028518022295
116.78934498210202,1055.1440598941617
101.84769841623799,845.0134867358912
96.34154532304939,857.9604091095571
76.60040217801998,1247.1305820840005
137.96840842799256,1172.831254712625
92.39816484885664,1079.5291780467855
67.1449040479333,1086.4446326386771
86.37531296284143,852.6772749902476
73.84794933493275,1103.46320882993
124.61640719647087,804.8746552104147
105.43701030001817,1452.2760088339764
80.33482557872063,1169.9546653169443
62.38751443193437,1303.0140880780964
86.5408555231437,1301.2247085016666
137.52882668784295,887.3176578300237
48.98934890337123,909.6918366159985
109.36092429088046,682.9276514427833
131.72120066809228,1020.4677923206316
104.64068595650339,1203.4011740585954
92.89485341681251,990.4823067395403
125.01092988976629,946.8141984125338
113.8109901633747,919.5844103391947
77.56596126428744,1104.9715040766139
101.447056576455,921.1519904490161
93.37806356078664,1458.6053985973012
97.03167746345872,1191.6523138222221
105.68772166924475,859.3931406027419
107.2397388660161,1173.1260526101366
73.16250021333167,593.494948506099
135.8593788160386,945.1297886138283
83.79233460030774,725.7036824114921
126.53730499924336,769.0348381018899
106.68227478073628,1115.6534876966139
104.24348555734534,1027.9568283973624
81.14889111661802,839.6972589102194
69.74109709951519,903.8700461391155
117.0065809743966,461.6038199429797
78.26996671482058,1125.5114615787847
98.00902952249912,1383.8865273860124
107.81225935507084,633.1175051332414
123.62344998205072,940.1429845778083
99.43683714941888,1012.0405654173826
83.25743960441545,476.837279428692
78.28305205677188,352.185797609382
101.89382719556525,797.4407731504892
85.6732378341165,826.7266556300342
100.13917027584897,819.5184727503458
111.53819672782848,1166.245351586945
164.79681464265605,1314.2993318858012
76.78216164755625,896.9168164546711
97.50144802118993,700.9319153737247
128.31399479336986,559.3630281266843
71.25741500076923,741.7322119103026
60.61603838503197,1276.7832227842425
84.7476194740137,1061.0215822086989
90.96697270488134,1533.993969851886
84.6612381174175,1390.9181074839998
110.7950139748572,634.7140506198352
81.79487953315416,645.1922598576325
106.66258549218652,849.9789783544711
73.9406531775445,1051.3223296856652
108.48121590373181,176.19360786198968
106.9444377705903,799.0249030018882
121.69328520513265,883.4800661445616
73.89956173609629,1172.8008852086007
75.05226902905598,1332.0446977412753
105.53365656023699,1311.940129669879
89.68174060826581,1109.3442994832258
72.33540757593138,1358.8063471190492
90.76499296817805,1195.143969144458
137.94770197834714,1326.2227664419752
86.44638803344623,906.6011815531643
87.09503770759403,1151.2387597313843
100.36061887827026,820.2053898236908
85.02881463578831,397.81456587473645
102.5299566397707,934.4224910891838
51.46009155333612,1190.9122167111082
67.54195087683217,1033.8606629861033
75.77845866847376,880.7440049344509
70.16060338617638,840.1307255030929
109.87766519657627,691.0181278773629
95.21376358292875,1101.8347936157984
123.45917307337777,874.9238787962855
119.88925752088949,251.48452663436387
98.76792267014916,1227.4624915195711
105.45293410928065,917.4916667032237
99.45704470281602,951.8634491220695
114.91180594838954,1300.2721641807907
159.9335566785028,447.86842085389003
87.22989326498785,1297.2580388175968
152.64268042076318,839.3777039997175
77.26741613062032,1097.6010674708991
93.29004195388593,700.4841470961385
160.3788418464515,903.4033003504497
116.36769131336249,1226.7734755317997
72.56381618167013,852.9647705955422
112.58369297389243,900.836869790805
151.6437668391854,1006.2238079673087
96.02922514313856,922.0831904144477
63.93363416485503,1126.752435470483
72.78812127013983,1058.3091439768898
100.3575764938822,978.6041186126031
95.84453922589337,844.2956408182057
119.94021784129224,1299.0294670491649
110.40197159004714,1359.184911272829
125.7505879747867,1116.6174340962611
111.3110290324379,1252.5408124479895
68.99915645222384,977.456511638846
99.3820390449788,1039.7076360142244
124.56854378984397,678.3016323086097
83.75743984444313,929.394920432384
64.85892341923505,1078.1708245745128
100.51928279641571,729.6481685374888
66.73325909506212,1154.351226618955
75.67711032660267,1271.4629473631103
57.638096649759014,1374.3021126274434
161.89656057933993,796.7922190810611
125.64860585726954,470.56957130240403
117.32706356332736,552.5286867208737
146.575430016905,985.471384187136
62.97231733373441,1079.6440114243478
86.12472261840917,909.7360967414953
90.52870509580956,979.6893085672873
112.83549111898488,894.7133748688439
78.5402289585313,1267.4115145326834
59.33351258185372,1655.4953163722644
168.39748885044224,949.7657715061446
115.19070765102917,1332.8185996398533
111.5213510807369,1017.6338620264282
98.59825893288694,1106.5197768659482
111.12902655072436,856.4019183133577
104.36466184035937,1183.5108206690097
140.14511020072578,928.583248886692
127.1368381071283,829.0334016816827
122.39985068824156,853.1125076675407
109.9417919472454,1048.430526107179
104.99427369708305,1200.6082091066428
98.98836640243881,827.8206288567094
78.24970533025194,941.583415870988
83.60613561221582,386.0606356741846
85.92719582281465,686.1807864936115
119.33355431444295,1416.4645969376388
42.73068186124879,1063.3631444844723
138.5713096991919,896.0908180096816
108.75146117050943,1063.3357035868407
63.18156489850706,1124.3825429739295
119.31692346943187,558.7386911225069
92.82790797336968,795.1783855705536
92.38015568366875,693.7401376169187
100.26908078754239,1011.7846936894235
65.00253358893973,1492.4321214564304
54.189347931767465,626.9636973667016
139.38583889197184,1065.7731053016578
116.58341313968796,1121.8047000736335
91.50114791494099,927.1944994016652
84.93193873256287,1029.533872194229
60.41972931151131,1103.80061798211
128.2429101426455,1098.6742150098542
61.20304151344077,781.8703251506471
102.80316083577497,1129.4021119950287
78.3024025467121,1018.7146555574104
118.85789021454009,942.3390202885489
145.58321502113915,732.2113240225743
62.466954124761564,719.4172650256485
111.70802871192103,1099.4759160847825
60.361447889459036,955.9183022084881
142.99997238509889,955.1821903445717
82.35862197472794,1021.2965350128477
46.74248413609987,974.6856577205136
125.27686911563896,1592.360189184853
61.0226785931281,1412.3905517072099
73.87463594799766,1294.6902817600076
110.68409476453937,868.3815347699008
100.40978148696037,1111.270885113799
139.73561455773967,1251.978903356245
104.7618844534969,1178.202115703889
105.57333808772933,874.086158270097
85.12100398545951,1287.2135999697564
104.39592207084681,1015.2210926157195
99.63427559915363,636.9318775808177
94.96549129637782,792.8944831379288
75.75588004825488,940.320948914289
76.43784737118138,970.2237052317798
90.48812386889807,1572.6155151289624
97.64219194241123,655.1790617024908
62.89333723760905,1246.550572624235
75.70386421349707,1211.1626423323492
67.68634004773925,1316.5254407734883
114.21556813417487,1276.7668081205313
131.51967731917503,1243.5048899988383
127.27048924686609,1046.0186033565408
119.33436051411643,1162.036288318606
79.96989975422602,1083.8692867079078
104.6257733533788,445.304289949578
104.47345141412168,1246.2073152975238
87.01923836456457,956.2535435837506
38.78352105673406,952.4627801896306
69.97921315026983,1172.4242430575146
103.84175655818272,781.84945414454
76.56965776349566,1367.9777287352663
154.9242269471884,734.2657979566945
118.55862506254641,1020.3652172050798
112.0358620924749,628.3486516999723
92.90664762767379,685.8916581186111
78.83924470584809,696.6590159444746
86.35255109017197,1375.8455287677916
103.73154162280497,1201.755218719281
105.34616164482198,1252.6440342303574
103.95792875841158,1183.717298850413
115.60116274766814,1013.1232657069477
90.26519124499154,1194.7530039639428
122.85651540876216,769.8038358880412
81.4855689298113,826.8705469153018
66.57511195572158,1151.5249837474946
77.0619077241695,675.9237470268653
138.75165312266068,1539.832873895096
119.09095674849745,1178.4502091782804
107.26920373097356,1062.9712244946113
82.06136038121289,1181.3215489843717
102.93272846002776,1127.5601965556277
85.31168406735821,867.254880129303
121.34308211074591,1125.9123663341795
67.60211016173007,1099.4387881629968
144.48035663087228,669.4786184549557
98.04060357093437,1043.415223007807
86.47261915677605,1266.7152409196547
111.37257841333486,1187.6450793918848
146.09947493407506,884.9112561638099
122.3878136059794,814.4556599873023
129.26833400570345,861.3133295986269
117.78839226699358,994.570103753842
110.91232759866408,1180.3967617631522
83.67366336520293,959.7740675652752
85.1848446008019,1081.9365940694981
113.87468628604577,681.788012535306
120.19657396320648,947.5609456729504
99.94831907271906,903.1782279309714
151.36534849292906,1259.7859994671958
74.75868242537135,1056.292149166056
66.35993429859866,777.9101978184561
89.6060638552186,1462.8540971969474
87.87548397964309,712.5975010151387
94.23574997053723,1168.4765604044412
112.41820322525979,882.4948765918896
68.97494157486044,977.1304931560459
95.46800632598524,998.5007424542683
127.1376504503632,690.434827842136
93.93956569751127,1104.8205940248197
84.50978177010916,470.5294065503816
100.5110912612233,1419.2018907389238
98.27109453486716,1463.2791948110025
93.47638908499135,896.5897954175311
78.11233901310554,889.8465275465466
103.9985696405691,444.70014594910685
95.26541942158629,1084.3165239492218
122.36670464633521,869.7824870677714
83.35937156752522,808.2496684875834
113.7008594901989,1521.7305671055606
66.49456042983849,1182.1354767476842
117.74237612157806,800.80367171211
74.76141674499655,1047.907475337573
70.66317425773653,1144.0163426909955
95.22674006571656,1346.7384289374875
95.45339544924802,898.3069435430535
124.96923272353806,970.2483519680536
56.97757339629063,1174.5808973084793
39.79078886830158,1014.6663678469903
112.94204962838762,1237.121146316062
137.7210280989482,568.254128361871
80.96757519563123,1261.1403744373224
132.9510479491311,1004.1949432526538
94.96641451880845,947.1671810287471
89.45534109668881,984.7227187620958
131.17442674217986,1094.419211999391
107.63546491629918,942.8153316881577
105.58397354813884,1022.8015487211688
89.52125692235975,1356.8542022258246
115.57286122807832,879.5856514890138
105.1030673583223,1208.20183545956
104.21243197435768,1245.0171331046668
106.6749733086618,1197.758766485551
113.73046612043042,1150.108428114747
114.35549595245985,1277.416144190226
90.50733068318142,943.493998955918
113.9294344704347,772.9882666209694
51.20866899531958,822.5861880512629
67.18538057638574,631.7821156126411
82.7918175116034,1125.9966694924442
85.57298967734447,927.4906474501595
79.94438735588915,714.6173152594565
98.15435616674992,967.7707182091933
91.39359998070893,1193.7102342207493
107.76561548300342,1169.07795981786
126.5354859210625,1246.5748745764042
111.41573180722472,1123.3534082098693
62.29271715800532,1199.1669362826422
121.1705164170385,1201.1917434887177
119.40124664634394,923.0763648062263
118.74673433340972,1516.7747182305918
102.117812598762,450.74128201657277
80.60323453154811,757.5869599529154
90.16352533883352,928.3006299875012
91.0865967335383,924.9756169981769
123.163284576166,1234.0518229411828
85.97290160097378,735.2858333742599
128.1823342175621,972.0011275835133
58.58786115199585,1160.644660741299
110.29221997122396,859.9256534724472
110.44041260722685,604.0901056622365
80.5514702621896,1177.5948830816783
105.83300438298082,1073.2517341352393
145.20926239218778,1025.1474476812189
97.97204734360035,1479.27642378668
123.86981975840838,573.6125431708365
103.68180032553619,1036.415432831055
80.57426445946139,1347.2785293406573
84.84992014190199,1517.6235187374368
104.6271397057746,1246.0113320551702
117.45751780946365,1396.8900195006195
49.116181614686816,1288.8276162271009
77.14478891082122,931.5112421388675
134.5509647989258,492.35874920659893
85.78501244007147,916.9663097190102
70.35979989566707,1117.066690047368
106.15364582900321,976.8108792395637
125.36183169009577,831.0913491183144
91.0077679853058,1197.778713386637
137.73063447648795,1064.0786944350925
101.15344628742653,926.7733414548484
22.024904766096043,1052.3823243017437
110.53868727413402,926.1454522529388
106.7642373718551,1026.267979677296
110.96552530435713,937.748071317588
87.36260588354338,733.6301821775439
117.96598045266045,868.8174559710617
70.26497092562089,1098.5900630114347
104.5954547376565,770.1028976746412
64.6997565685104,1013.4502570611628
108.16351915616637,950.8744789684771
84.4301733293883,746.992628611664
89.98791571217119,729.1559867100887
84.00235517710207,1305.1089994542456
64.316090304187,959.6595105721372
99.50288679962841,1213.5775566607895
108.19510954658544,1234.2021862426595
125.2900071992782,1428.3548392673915
124.11452297433345,795.5323458435435
116.18905111476892,1123.3617538377584
133.61170768923833,1286.3855563421184
79.00616569146962,1085.9479035973827
145.05719297742894,1005.0260698128278
97.50625503477312,1204.5621569063997
112.87382814465744,1285.2528756569277
97.84638535174969,780.9525802096136
108.18153687724342,938.4827036218906
121.25969864431369,1467.9498835732072
106.80182207441727,993.5370925688534
73.3853175222527,1422.497368792587
94.33267076251869,1024.489087111863
95.07048671625245,701.8472901828948
103.83767834548242,1284.9862400661364
109.29294532344814,1160.6618500041204
93.99760464282288,858.0107010573211
132.1487640877064,1353.944092647015
103.85139536938891,991.8225079076088
92.23421025333278,970.7751587992359
89.74384987250224,1056.2932214337336
85.96984881057993,1332.4539276954256
122.25850556646071,1408.7851985396096
87.29678414696374,948.0368968012571
84.35964147495677,1038.5350056297625
93.76479425937042,778.6084792446514
132.9915572377343,1130.2378349519254
128.9274994235881,1004.4433414459927
55.69546484487512,932.6726661998381
97.30926293178442,579.0719857015251
114.72692158033215,1198.715680375897
128.25843395856614,794.327893585759
112.4190839493983,769.434239295967
105.83156109050162,1108.869767872189
135.30719180952002,1456.3770854590323
79.409704283671,844.5876635062189
106.64337487101736,1336.052397679354
60.15031043741445,1295.2128995208425
115.24060915291227,733.9213692317737
146.39132221749998,1109.6432028933382
61.050571336618816,928.8672697800251
118.29242898664978,1102.7132967630248
112.78454190404746,1115.1394030488186
82.70855231796214,1411.609452291051
60.137322440715565,921.0684951949695
79.07585208912833,1638.35621242964
133.34069257826255,1095.2524462356323
59.764309928100865,925.413905681685
77.8270037045633,1247.8786584372956
116.25068074983952,1121.2890059437186
110.91889765598124,919.9579530185048
53.9316970611664,919.2865105873063
129.22990284248337,913.8193277561661
83.07869202439458,885.1181519823778
129.76578327659686,862.805272482909
131.60457408605276,811.4669970703534
111.87612678879601,919.9341621427161
89.20372827414661,1186.5435565950554
107.35395041446291,1123.7436482784697
138.31375523192258,1239.7139272437234
76.29860673086824,1392.1308311604234
119.44106029700215,1409.6375085444129
123.16269027965674,1210.7164785230268
111.27550775839882,797.6996610800268
121.60547100448699,395.6019043456098
45.32978749385672,884.9333391019746
92.50441181404963,560.778523033407
110.98184589540102,1035.9568945707265
106.1455144614808,888.6283400691257
97.04150905648928,772.6790773484003
103.3797898764881,1124.1538023802416
123.02797892225611,1045.812181783606
128.20065832688408,1021.073074722487
112.87311247074533,920.9834106913809
141.2343424802664,692.6645566567545
106.8379536198768,880.4279697207053
125.51743669199351,727.1629924345057
49.7541103856538,1081.2021579218265
95.02462750676894,951.6722416299178
57.127251576678546,1054.2629995102445
54.099139522206215,1211.2689645176497
127.109675011552,1063.681058076245
79.75476239672658,1038.5707297001848
100.06163918722451,1249.5361904113952
85.87949668228512,995.40257439471
91.55065082897853,976.6628408446827
101.90615487034597,1550.7192830954566
72.47007297552173,1202.4918017673272
73.77206978674394,875.5253332101523
124.52714190396257,920.7860375474013
133.74490775683265,1286.6262371145745
120.5308630261448,1118.6514032159234
141.09292023133085,965.9221132085057
100.39975060080926,895.6061736842986
122.98438499483294,924.0710678354317
118.91811596741354,774.9688154660968
101.4907656446756,992.4610740150464
98.35411734516937,1441.3981272840463
98.0932061648644,899.5711084692927
81.2263105681152,936.1868530245013
38.48383252077336,1359.2144305290929
132.36037424247445,985.6213221861788
98.99745982923193,958.4355197127433
138.4385809310857,1313.316380415454
67.7115446123911,654.7334409419202
101.19044386391792,713.5717546486884
107.69776654832334,843.7814699836963
128.80361220901568,812.9452587725253
115.08965378972802,843.4804920959224
104.99657346176863,1239.1395090338176
125.81554315154622,1240.5606538894451
58.656326467090565,973.5371134490263
82.67288376878487,1388.0206500761788
97.04714461308808,869.8998777009517
117.43921349514405,1392.0869523745353
104.44680386648457,765.9716631535614
70.65918577012462,964.9057199339221
123.32363108870304,913.0261412238422
128.64691840026876,894.0768570757706
66.02882761307998,973.9035381319865
97.13541707222838,867.0853049180967
97.19246871499331,1305.790845414315
173.8476417099395,925.197745077835
107.50701559993799,638.7506156421118
65.17313209393694,1093.5678467551727
99.81415590867505,1462.0241654513172
132.49806420451716,742.6499538485663
140.6692836878218,1078.724824505861
66.431563501982,703.6467362962628
113.73484402981434,863.6207687052445
110.82141206169129,1251.962226428278
133.3330931771932,1118.9406835266211
107.93179875218337,1221.4167723388935
117.91965271423734,916.9643063891793
89.72908175450755,1243.1762841669542
100.23433836298433,1522.8351300615013
67.69369758577932,1071.707231816171
120.55078201987797,1372.7205228613116
65.12332735875998,610.6832055813613
142.2842295825261,1066.572100083625
88.48573925962287,1371.6542846643765
84.19967330963055,665.3966960765747
92.15818136952448,1550.8782394263649
89.91851982158671,1298.6886425786706
93.70502305270517,893.7936930940939
120.90392173181837,465.8934409024905
115.12026956681902,1430.1103730122586
137.97526681521347,763.619298535502
102.95273255052541,1129.9285266124334
68.26074054428386,1045.5503893766354
80.96536755790277,1392.7621574917703
104.77548667992822,1175.6327249547937
85.30015305010275,1324.2576492990706
75.10422370035894,923.1571740888968
68.0506554457833,808.4148098187934
149.06656147295297,1389.085052106217
139.28409638129278,1098.4976860005547
99.679849661209,941.3848622544336
86.39985438210344,627.2898607078746
99.20189554272736,783.4343637767556
114.24684830695824,875.1760115048852
138.76060094649125,1308.1797965539981
90.4994442928853,1161.2936738018407
91.3834345864367,1016.32243553632
154.16332011368843,991.2536271483607
121.88827073778008,1261.3980792223
89.08747216895641,669.4745400383295
92.42968213419427,1025.7953241152497
70.92204972061833,988.7169943627796
43.33249335356185,1134.7045131329699
107.65189116645493,577.3842738189489
97.41726799086003,1173.3973856405028
85.43487807823756,556.8358478474628
129.72264057880096,611.4337869268691
104.93330642569121,896.645284828413
80.90461489733043,1208.5556053414302
106.28302602395965,648.9459970081683
85.68046213054151,1021.8841495349187
113.9396026809379,1397.6548771921061
109.43008756964959,362.62932717671424
66.27332698830045,1110.9350784324736
79.71677246387885,1196.4205062847127
124.1077391523126,1011.5792854351758
72.64172626150646,668.230775798012
105.02346369051354,905.4875042072002
60.701651878546905,863.6568529831856
98.72638768952704,1205.061384222809
81.91822548601135,945.1108158768895
114.19508817292933,1083.5644653650936
89.92730543054775,991.4417919359312
126.07009796157172,788.7827502004943
75.3441394985449,793.1539630861425
99.33629878668734,932.1406671385321
94.72354713040772,1082.1085585657977
121.66654462251533,1117.7931290753008
83.67445938474964,1290.5149713552591
80.77749821972904,701.2363660423006
127.58334145716,748.1946594609406
75.80659342370018,922.8795976388552
106.15078644650261,670.3889973764254
43.28975551506381,564.2498088037644
33.67461754765118,817.4874699574423
130.01146559634196,1202.5851393384332
100.7713226520893,1092.1336857214956
139.92945233710066,1296.9522560906034
73.36615415396551,1097.6497430764252
118.23651228706773,1073.5684872862507
72.47954046891496,1308.5022709856873
113.01750778700102,975.1801379721546
114.97776632567123,402.32679010190907
99.28325504633655,1221.4218006761191
101.59780162808067,1064.1122998661717
135.37420205273472,959.6883911317935
117.29503791970832,998.7864474272712
76.420101883558,993.2946174045353
113.55990722600099,1230.9217073937766
83.777584258571,709.9032727727458
100.74289903304813,1009.9397943066872
106.70182457755787,1275.2790490353193
120.66152555789647,826.8973104810053
121.83131437406898,827.1942435088513
113.94242860722457,862.9302440332199
58.84952827107536,1249.178018011008
88.71449696393641,1311.0312189447002
123.05401626894985,1317.5222379518273
80.53323081869092,1149.0699348006729
104.13121121833456,523.0758205851141
71.9290893862224,1190.3203938385536
100.05242242306474,1111.4673740441965
65.63918579008384,763.2884714222536
90.86336261947002,987.5895658425367
113.55111711178225,1820.409944440447
117.02427735707334,1168.4692845474879
91.38823719537426,678.4797370461874
81.90905209435937,848.3235663178807
101.30298454682328,821.0257867168076
84.6176420275791,1057.6035255897398
107.65256366855067,998.9609410530236
69.96921476458861,1077.900282690755
132.28452799666448,744.7138364351484
80.24331615727769,635.5968711631872
96.97619381440514,874.631336113705
174.57668092336655,1079.8634057929971
100.2711863558445,927.1486308808793
102.8872960102975,982.2725978162376
96.24462065959388,808.291640992543
107.16768869298774,1170.932823763263
73.41363679228697,1073.576748281213
90.50666312847086,1149.4230331947476
96.90813893107354,923.5471284429965
116.7882226217719,973.1873655629639
105.70189439519068,928.1891938866361
66.47957725931433,1485.0009935825037
85.57459944403362,1548.7233087559239
62.514560938904154,884.280217934417
82.56848193984312,621.080390404092
107.9915605756388,920.6337592599982
75.76848488421392,827.0801065471082
145.62345933722054,1409.8525666583896
89.97249882567392,1050.3042641079603
113.10904035802902,1112.1151230531204
142.9336086173504,1227.662285378983
97.52309252349046,1033.5448577550187
64.42952815576015,876.0702244026523
115.81154511665532,1110.9182177847113
119.35946915075104,1042.3076903784595
68.9132102127889,715.4105513323168
106.16364383737739,807.3354563367941
87.20250168822406,671.3869939422996
136.30051563158554,1197.0808784002502
122.96220856355302,1096.2538357038882
87.83622624770601,1244.9305536108773
65.5866000336783,1096.3433024497465
120.04578861863773,561.0203398952227
133.85844780611092,1181.8797015363964
90.39732259891827,1502.7770760662956
86.26142393576524,943.9144712697303
81.480878775135,844.7273857751195
117.1987393676966,905.8414407142105
99.64811384208878,976.5951302031765
116.33918011797155,1286.0156710759063
117.32062099262389,1541.1741075964615
87.53230080236148,1190.7537764288936
137.88035295620875,1195.0280843231958
123.92234512651609,1419.9856060759037
113.15316073210938,895.4575284411773
61.03826166742892,1340.0751006953637
115.0366231084922,1261.676349791677
122.57827886251259,1046.5021052180984
82.99555352721488,1027.7676446025707
60.47887458669724,1200.5699790842102
94.71956229998406,732.8782102145763
132.36067799203448,1059.3286483423608
98.17903484733729,877.0894670817959
100.69650410204818,1314.9037705876488
72.38994280440961,1333.5554758176206
101.1558743370567,871.7938521340377
105.30543985734559,1256.2100363909562
138.5469495146887,1326.2770190551382
90.68908646945405,840.4136544805781
73.44829575319302,968.3463460064689
69.099099232896,1135.5997321910597
104.27163066531524,953.0473516642153
83.33669608371,1444.299317056763
150.47765586593513,1110.609906723153
133.00121987370272,797.2462432821767
98.20303197334357,1133.6146581954165
78.88641731456397,979.2145230092032
110.18049161582785,1445.631830742771
153.1075245720382,345.8026359519673
132.23616452671456,1046.4904843981649
97.67541996814464,1139.1011340451487
58.94205372607606,474.602007261215
121.45870781743326,1026.0398863141054
97.87835968882946,429.99262896280993
106.6734900225151,1207.9430145517968
102.06919283536119,948.9220152460604
92.18384784239937,1199.9684801776095
85.73697785831202,677.6180210094817
142.23773137956027,959.9094682100082
81.97413289056921,992.0679601676459
74.83265229717026,993.7298069226913
128.66196320443748,671.0508039433976
49.90429454090918,1269.2970094239515
116.56054267383486,1303.0836054564381
74.58826298792158,1450.2188632716163
102.30857709448581,867.1932044568919
104.5111689230092,773.9647542446326
155.23050551224097,1062.7070518010742
106.37798160218126,884.0389334310217
66.9742915496621,1129.6812170794783
107.68947606593535,1012.4144899815981
133.79070763722441,999.4417418531975
117.50479744198458,869.2210782128034
58.86982826799058,684.8695623469469
56.1970620204618,310.3336542464599
79.1127442975117,1147.3026436323091
106.6214893729024,1180.0943105481877
99.12487596678042,822.1935559098725
107.66858801490154,698.1115837522425
112.54508403015052,1451.2930760400586
97.42334701066758,1588.7035744661644
90.10493639818148,1081.3337696524125
152.08362100499156,751.8513997363814
101.268342441478,1016.0962466791706
94.42901140397876,773.7008229667554
106.89178747080976,896.3752289210222
126.21108533913612,1015.7312031395952
75.9182707783008,1004.1119519577672
107.87268859475817,1329.9133852145014
77.59234442395228,689.008583293589
74.73024899623476,1202.8778809868888
67.19034327792627,759.2839190416561
124.46556108924145,815.8502956141836
126.2471977339934,1009.879254898484
114.85330143251566,979.148179577894
73.74424497799622,1417.7829106167937
125.35826498390426,945.0885427842032
131.29841643378236,1074.0040982193075
72.08836929092394,1012.9829313069152
133.0647936208412,1392.2791357770207
116.94727860096856,1008.3304511984427
73.13681082006207,1044.544897746475
117.3512692739055,926.7636645448946
100.81500250230765,919.6140953080887
146.21444326613206,950.1563260676783
87.34286898138484,1115.0798991261313
77.67679846293666,805.7542103744943
89.97865868962383,765.7897515356372
136.76919698269302,1376.5703919872128
92.73651454024329,827.5544869907012
124.36237495247335,1068.5546456120846
76.50460565324394,859.2208177069901
127.70701520853004,1155.9658511397472
135.3497445337331,667.5403711555866
144.1050229477255,630.4354735841758
113.31293169641228,1068.46367815867
82.60842529404383,859.4304388707625
90.08196703679491,1040.3398818736716
80.54912984308453,1652.9855069641148
76.20481835478637,1185.766668185079
107.12823649787732,928.2559946786068
67.56531830672567,994.9160423593272
125.91171470308822,1163.335225126975
64.2282954686637,1093.8757937153644
86.18980372229088,941.8843714411516
119.27097149975101,1320.0203852008176
95.8276709821584,845.687978508043
128.9729608025127,827.4218373109737
116.58633324302588,1257.6199932759275
109.56113582881254,1075.3661601365823
59.23359938629702,1295.9607289353735
78.57193155171765,887.6397615967211
108.04243492691663,853.2802462533758
128.43060200840506,901.7529035329152
82.07007722727126,718.4325262197518
63.645643595593675,1319.888560877098
98.99482168810704,816.9881609222149
71.77592457208448,891.7270506391272
123.51455184613422,1003.4918937440316
128.89618561192623,1172.4420378065477
105.805622532496,1371.148951341855
122.16208431496355,1007.9029333672328
134.9882803070579,524.6630047880986
106.86140207478265,1569.2874432096226
107.83763184988096,674.3020796870039
134.29244133780975,1078.0378603676606
99.785031155231,919.54917870403
97.34457405597679,1259.5532398304392
94.33841250596053,946.3240767641599
109.9020787903709,976.2748941419176
71.10569911128913,954.4170444129873
104.40259570365718,1232.347328170379
79.30841343175604,1076.127571010632
99.84322864389956,944.200430039398
80.8580856662997,949.6122903489066
83.93262304017699,1118.3616024976761
107.24748385892171,1108.7498684753061
107.45645972953714,1295.6188461506126
67.3443496796202,1217.9795893327516
112.29063797971585,762.2690553520213
105.46247385894642,1196.7847397183239
114.07544889532257,734.0472195494349
116.52646968447422,858.4907478885266
110.91617899349015,935.0862281318492
